<?xml version="1.0" encoding="utf-8"?>
<prefix name="spodpublic" label="Public Room" language_tag="nl" language_label="Nederlands">
	<key name="add_room">
		<value>Voeg ruimte toe</value>
	</key>
	<key name="comments_graph">
		<value>Reacties grafiek</value>
	</key>
	<key name="create_new_room">
		<value>creëren &lt;a href="/public-room/#!/{$roomId}"&gt;ruimte{$roomSubject}&lt;/a&gt;</value>
	</key>
	<key name="datalets_graph">
		<value>Datalet grafiek</value>
	</key>
	<key name="graph_panel">
		<value>Grafiek paneel</value>
	</key>
	<key name="main">
		<value>Agora</value>
	</key>
	<key name="new_room_body">
		<value>Body</value>
	</key>
	<key name="new_room_subject">
		<value>Subject</value>
	</key>
	<key name="open_graph_panel">
		<value>Open Grafiek paneel</value>
	</key>
	<key name="opinions_graph">
		<value>Opinie grafiek</value>
	</key>
	<key name="post_comment">
		<value>and other users posted {$post} comments on room &lt;a href="/public-room/#!/{$roomId}"&gt;{$roomSubject}&lt;/a&gt;&lt;!--&lt;i&gt;{$comment}&lt;/i&gt;!--&gt;</value>
	</key>
	<key name="post_comment_datalet">
		<value>and other users posted {$post} datalet on room &lt;a href="/public-room/#!/{$roomId}"&gt;{$roomSubject}&lt;/a&gt;&lt;!--&lt;i&gt;{$comment}&lt;/i&gt;!--&gt;</value>
	</key>
	<key name="room">
		<value>ruimte</value>
	</key>
	<key name="sentiment">
		<value>Sentiment</value>
	</key>
	<key name="suggested_comment">
		<value>Comment</value>
	</key>
	<key name="suggested_dataset">
		<value>Dataset</value>
	</key>
	<key name="users_graph">
		<value>Gebruikers grafiek</value>
	</key>
	<key name="add_suggested_dataset">
		<value>Add suggested dataset</value>
	</key>	
	<key name="associated_suggested_dataset">
		<value>Associated dataset</value>
	</key>
	<key name="create_new_agora_room">
		<value>Create a new room</value>
	</key>
	<key name="send_button">
		<value>Verzenden</value>
	</key>
</prefix>