<?xml version="1.0" encoding="utf-8"?>
<prefix name="spodagora" label="Agora" language_tag="fr" language_label="Français">
	
	<!-- AGORA left -->

	<key name="agora">
		<value>AGORA</value>
	</key>
	<key name="yesterday">
		<value>hier</value>
	</key>
	
	<key name="most_relevant">
		<value>PLUS PERTINENT</value>
	</key>
	<key name="most_popular">
		<value>PLUS POPULAIRE</value>
	</key>
	<key name="latest">
		<value>DERNIER</value>
	</key>
	<key name="search">
		<value>Rechercher</value>
	</key>

	<!-- AGORA right -->

	<key name="description">
		<value>DESCRIPTION</value>
	</key>
	<key name="statistics">
		<value>STATISTIQUES</value>
	</key>
	<key name="users">
		<value>UTILISATEURS</value>
	</key>
	<key name="suggested_datasets">
		<value>DATASET SUGGÉRÉES</value>
	</key>
	<key name="enable_notifications">
		<value>Activer les notifications</value>
	</key>
	<key name="enter">
		<value>ENTRER</value>
	</key>
	<key name="views">
		<value>vues</value>
	</key>
	<key name="comments">
		<value>commentaires</value>
	</key>
	<key name="datalets">
		<value>datalet</value>
	</key>

	<!-- AGORA tooltips -->

	<key name="t_add_new_agora">
		<value>Ajouter agora</value>
	</key>
	<key name="t_add_new_dataset">
		<value>Ajouter dataset</value>
	</key>
	<key name="t_messages">
		<value>Messages</value>
	</key>
	<key name="t_views">
		<value>vues</value>
	</key>
	<key name="t_comments">
		<value>commentaires</value>
	</key>
	<key name="t_datalets">
		<value>datalet</value>
	</key>

	<!-- ROOM left menu -->

	<key name="m_messages">
		<value>Messages</value>
	</key>
	<key name="m_search">
		<value>Rechercher</value>
	</key>
	<key name="m_sentiments">
		<value>Sentiments</value>
	</key>
	<key name="m_users_graph">
		<value>Utilisateurs</value>
	</key>
	<key name="m_datalets_graph">
		<value>Datalet</value>
	</key>
	<key name="m_notifications">
		<value>Notifications</value>
	</key>

	<!-- ROOM comment -->

	<key name="c_yesterday">
		<value>hier</value>
	</key>
	<key name="c_just_now">
		<value>juste maintenant</value>
	</key>
	<key name="c_reply">
		<value>répondre</value>
	</key>

	<!-- ROOM textarea -->

	</key>
	<key name="add_a_comment">
		<value>Ajouter un commentaire...</value>
	</key>
	<key name="send">
		<value>ENVOYER</value>
	</key>

	<!-- ROOM right messages -->

	<key name="says">
		<value>dit</value>
	</key>
	<key name="monday">
		<value>Lundi</value>
	</key>
	<key name="tuesday">
		<value>Mardi</value>
	</key>
	<key name="wednesday">
		<value>Mercredi</value>
	</key>
	<key name="thursday">
		<value>Jeudi</value>
	</key>
	<key name="friday">
		<value>Vendredi</value>
	</key>
	<key name="saturday">
		<value>Samedi</value>
	</key>
	<key name="sunday">
		<value>Dimanche</value>
	</key>

	<!-- ROOM right search -->

	<key name="all_users">
		<value>Tous les utilisateurs</value>
	</key>

	<!-- ROOM right datalets graph -->

	<key name="g_datalets">
		<value>DATALET</value>
	</key>
	<key name="g_datasets">
		<value>DATASET</value>
	</key>
	<key name="g_time">
		<value>TEMPS</value>
	</key>
	
</prefix>
