<?xml version="1.0" encoding="utf-8"?>
<prefix name="spodagora" label="Agora" language_tag="es-ES" language_label="Spanish">
	<key name="add_a_comment">
		<value>Agrega un comentario...</value>
	</key>
	<key name="add_new_agora">
		<value>AGREGA UNA NUEVA ÁGORA</value>
	</key>
	<key name="add_new_dataset">
		<value>AGREGA UN NUEVO DATASET</value>
	</key>
	<key name="agora">
		<value>ÁGORA</value>
	</key>
	<key name="all_users">
		<value>Todos los usuarios</value>
	</key>
	<key name="body">
		<value>cuerpo</value>
	</key>
	<key name="comment">
		<value>Comentario</value>
	</key>
	<key name="comments">
		<value>comentarios</value>
	</key>
	<key name="c_just_now">
		<value>justo ahora</value>
	</key>
	<key name="c_reply">
		<value>responder</value>
	</key>
	<key name="c_yesterday">
		<value>ayer</value>
	</key>
	<key name="datalets">
		<value>datalets</value>
	</key>
	<key name="dataset_url">
		<value>DATASET URL</value>
	</key>
	<key name="description">
		<value>Descripción</value>
	</key>
	<key name="email_html_comment">
		<value>ha comentado en el Ágora "{$agoraSubject}"</value>
	</key>
	<key name="email_html_description">
		<value>Equí está la última actividad en {$site_name} relacionada contigo:</value>
	</key>
	<key name="email_html_head">
		<value>Querido {$userName},</value>
	</key>
	<key name="email_subject">
		<value>Algo interesante está pasando en el Ágora</value>
	</key>
	<key name="empty_message">
		<value>MENSAJE VACÍO</value>
	</key>
	<key name="enable_notifications">
		<value>Permitir notificaciones</value>
	</key>
	<key name="enter">
		<value>Entrar</value>
	</key>
	<key name="Friday">
		<value>Viernes</value>
	</key>
	<key name="g_datalets">
		<value>DATALETS</value>
	</key>
	<key name="g_datasets">
		<value>DATASETS</value>
	</key>
	<key name="g_is_friend_of">
		<value>es amigo de</value>
	</key>
	<key name="g_has_replied">
		<value>él respondió</value>
	</key>
	<key name="g_times">
		<value>veces</value>
	</key>
	<key name="g_time">
		<value>TIEMPO</value>
	</key>
	<key name="hashtags">
		<value>HASHTAGS</value>
	</key>
	<key name="latest">
		<value>LO MÁS RECIENTE</value>
	</key>
	<key name="Monday">
		<value>Lunes</value>
	</key>
	<key name="most_popular">
		<value>POPULAR</value>
	</key>
	<key name="most_relevant">
		<value>RELEVANTE</value>
	</key>
	<key name="my_agora">
		<value>MI ÁGORA</value>
	</key>
	<key name="m_datalets_graph">
		<value>Gráficos de los Datalets</value>
	</key>
	<key name="m_messages">
		<value>Mensajes</value>
	</key>
	<key name="m_notifications">
		<value>Notificaciones</value>
	</key>
	<key name="m_search">
		<value>Buscar</value>
	</key>
	<key name="m_sentiments">
		<value>Sentimientos</value>
	</key>
	<key name="m_users_graph">
		<value>Gráficos del usuario</value>
	</key>
	<key name="m_comments_graph">
		<value>Gráficos de comentarios</value>
	</key>
	<key name="Saturday">
		<value>Sábado</value>
	</key>
	<key name="says">
		<value>dice</value>
	</key>
	<key name="search">
		<value>Buscar</value>
	</key>
	<key name="send">
		<value>ENVÍA</value>
	</key>
	<key name="statistics">
		<value>ESTADÍSTICAS</value>
	</key>
	<key name="subject">
		<value>tema</value>
	</key>
	<key name="suggested_datasets">
		<value>DATASETS SUGERIDOS</value>
	</key>
	<key name="Sunday">
		<value>Domingo</value>
	</key>
	<key name="Thursday">
		<value>Jueves</value>
	</key>
	<key name="Tuesday">
		<value>Martes</value>
	</key>
	<key name="t_add_new_agora">
		<value>Agrega nueva Ágora</value>
	</key>
	<key name="t_add_new_dataset">
		<value>Agrega nuevo Dataset</value>
	</key>
	<key name="t_comments">
		<value>comentarios</value>
	</key>
	<key name="t_datalets">
		<value>datalets</value>
	</key>
	<key name="t_delete">
		<value>Borrar</value>
	</key>
	<key name="t_messages">
		<value>Mensajes</value>
	</key>
	<key name="t_modify">
		<value>Modificar</value>
	</key>
	<key name="t_owner">
		<value>Propietario</value>
	</key>
	<key name="t_views">
		<value>visualizaciones</value>
	</key>
	<key name="users">
		<value>USUARIOS</value>
	</key>
	<key name="views">
		<value>Visualizaciones</value>
	</key>
	<key name="Wednesday">
		<value>Miércoles</value>
	</key>
	<key name="yesterday">
		<value>ayer</value>
	</key>
	
		<key name="email_notifications_setting_new_comment">
		<value>New comment added</value>
	</key>
	<key name="email_notifications_setting_new_comment_in_room">
		<value>New comment added in room: {$room}</value>
	</key>
	<key name="email_notifications_setting_mention">
		<value>Mention</value>
	</key>
	<key name="email_notifications_setting_new_room">
		<value>New room</value>
	</key>	
	<key name="email_notifications_setting_reply_my_post">
		<value>Reply to my post</value>
	</key>	
	
</prefix>
